{
  "similaridade_lexical_jaccard": {
    "2009-2010": 0.1796868008948546,
    "2009-2011": 0.1744229686620379,
    "2009-2012": 0.1673288367365795,
    "2009-2013": 0.1658894070619587,
    "2009-2014": 0.16588223993852655,
    "2009-2015": 0.1652789740645038,
    "2009-2016": 0.16196855521443856,
    "2009-2017": 0.16833119931711482,
    "2009-2018": 0.16723457675753228,
    "2009-2019": 0.16967799642218248,
    "2009-2020": 0.17010264814974554,
    "2009-2021": 0.16726393866155512,
    "2009-2022": 0.16861598440545808,
    "2009-2023": 0.163734024819411,
    "2009-2024": 0.17065764358840882,
    "2010-2011": 0.17450027012425715,
    "2010-2012": 0.1716371405679694,
    "2010-2013": 0.17241695723986053,
    "2010-2014": 0.166313656874482,
    "2010-2015": 0.16723329964164294,
    "2010-2016": 0.1658755038065383,
    "2010-2017": 0.17055093469488594,
    "2010-2018": 0.1697037740737542,
    "2010-2019": 0.17275862068965517,
    "2010-2020": 0.1689755288262132,
    "2010-2021": 0.16890533258264295,
    "2010-2022": 0.17496455018118795,
    "2010-2023": 0.16651817533856023,
    "2010-2024": 0.16930775646371976,
    "2011-2012": 0.17038216560509553,
    "2011-2013": 0.1660889659156557,
    "2011-2014": 0.17097687127939884,
    "2011-2015": 0.17319688109161793,
    "2011-2016": 0.17260039874679578,
    "2011-2017": 0.1699481865284974,
    "2011-2018": 0.16680257316299718,
    "2011-2019": 0.17543381484509857,
    "2011-2020": 0.16697088222511952,
    "2011-2021": 0.17218934911242603,
    "2011-2022": 0.16986863711001643,
    "2011-2023": 0.15945139018473595,
    "2011-2024": 0.1662882096069869,
    "2012-2013": 0.16880137640986428,
    "2012-2014": 0.17028880517724332,
    "2012-2015": 0.17475352793350088,
    "2012-2016": 0.17004504504504506,
    "2012-2017": 0.17205592246333304,
    "2012-2018": 0.17103721726592772,
    "2012-2019": 0.16990769782238552,
    "2012-2020": 0.17306193157210914,
    "2012-2021": 0.16883985289200937,
    "2012-2022": 0.16371000405022276,
    "2012-2023": 0.16460867143255037,
    "2012-2024": 0.16279671989641778,
    "2013-2014": 0.17519783632174696,
    "2013-2015": 0.17126082197233555,
    "2013-2016": 0.1684393734287372,
    "2013-2017": 0.1738554003888987,
    "2013-2018": 0.1708290780800297,
    "2013-2019": 0.1719385867554569,
    "2013-2020": 0.1694809811589051,
    "2013-2021": 0.16949006793361424,
    "2013-2022": 0.1696503262506274,
    "2013-2023": 0.16508575261090352,
    "2013-2024": 0.16587973273942094,
    "2014-2015": 0.16965987759606702,
    "2014-2016": 0.17028347996089932,
    "2014-2017": 0.17016172027723475,
    "2014-2018": 0.1675852405418029,
    "2014-2019": 0.16600129978646366,
    "2014-2020": 0.1691907877049915,
    "2014-2021": 0.17063009894115605,
    "2014-2022": 0.16105809475975222,
    "2014-2023": 0.16248552682362022,
    "2014-2024": 0.16514008620689655,
    "2015-2016": 0.16817430211068962,
    "2015-2017": 0.16948552200478173,
    "2015-2018": 0.16666666666666666,
    "2015-2019": 0.1744359500279694,
    "2015-2020": 0.17060297011987832,
    "2015-2021": 0.16946221684246932,
    "2015-2022": 0.16404419149648478,
    "2015-2023": 0.1606645539229809,
    "2015-2024": 0.16489123623668428,
    "2016-2017": 0.17573913043478262,
    "2016-2018": 0.17435803710134332,
    "2016-2019": 0.1658840527361387,
    "2016-2020": 0.17083187696609578,
    "2016-2021": 0.1680310574732045,
    "2016-2022": 0.16459220438912545,
    "2016-2023": 0.16181017520846996,
    "2016-2024": 0.16494755244755244,
    "2017-2018": 0.17566323541718973,
    "2017-2019": 0.1805857740585774,
    "2017-2020": 0.1751066741808228,
    "2017-2021": 0.17780214615806375,
    "2017-2022": 0.17531824071956703,
    "2017-2023": 0.16722465447677912,
    "2017-2024": 0.17100701443199226,
    "2018-2019": 0.17598669817099852,
    "2018-2020": 0.17956971031678806,
    "2018-2021": 0.179072630283135,
    "2018-2022": 0.17475109518120271,
    "2018-2023": 0.17422109183395404,
    "2018-2024": 0.17786090800884202,
    "2019-2020": 0.17846309403437816,
    "2019-2021": 0.17541143881375265,
    "2019-2022": 0.17606416772554004,
    "2019-2023": 0.17190037899296157,
    "2019-2024": 0.17150795655468554,
    "2020-2021": 0.1822289156626506,
    "2020-2022": 0.17777948875885433,
    "2020-2023": 0.16950182260024302,
    "2020-2024": 0.17962159062986321,
    "2021-2022": 0.17640902975033637,
    "2021-2023": 0.16774355962070991,
    "2021-2024": 0.17726840101522842,
    "2022-2023": 0.1708155912217491,
    "2022-2024": 0.17858801672085461,
    "2023-2024": 0.17189822505901897
  },
  "similaridade_lexical_cosseno": {
    "2009-2010": 0.990870471849858,
    "2009-2011": 0.9865581201425935,
    "2009-2012": 0.9853808541454752,
    "2009-2013": 0.9831078533402824,
    "2009-2014": 0.9829421805709196,
    "2009-2015": 0.9840992390662187,
    "2009-2016": 0.9822921596679122,
    "2009-2017": 0.9869717079468184,
    "2009-2018": 0.9832407081166433,
    "2009-2019": 0.9859514614318604,
    "2009-2020": 0.9865596167240888,
    "2009-2021": 0.9866806728414781,
    "2009-2022": 0.9848191047357593,
    "2009-2023": 0.9840417878102702,
    "2009-2024": 0.9814382995406798,
    "2010-2011": 0.9890897916765964,
    "2010-2012": 0.9871727788426521,
    "2010-2013": 0.9862916378631096,
    "2010-2014": 0.986240556461535,
    "2010-2015": 0.9878028472084905,
    "2010-2016": 0.9852023537532991,
    "2010-2017": 0.9900540810784676,
    "2010-2018": 0.9864900216918926,
    "2010-2019": 0.9890912486325416,
    "2010-2020": 0.9882282008490556,
    "2010-2021": 0.9891050621820788,
    "2010-2022": 0.986792241426473,
    "2010-2023": 0.9865458686278019,
    "2010-2024": 0.9809926363807082,
    "2011-2012": 0.9892772864943705,
    "2011-2013": 0.987517103893377,
    "2011-2014": 0.9883577980304948,
    "2011-2015": 0.988773446361291,
    "2011-2016": 0.9873333509812553,
    "2011-2017": 0.9890169132532619,
    "2011-2018": 0.9868374709487114,
    "2011-2019": 0.987114158483507,
    "2011-2020": 0.9869396027770868,
    "2011-2021": 0.9884169473937178,
    "2011-2022": 0.9859041816621689,
    "2011-2023": 0.9861750507189311,
    "2011-2024": 0.9784181335024185,
    "2012-2013": 0.9885274588177836,
    "2012-2014": 0.9872461512207299,
    "2012-2015": 0.9888772195950775,
    "2012-2016": 0.9891293042706405,
    "2012-2017": 0.9902436673028221,
    "2012-2018": 0.9892058902066514,
    "2012-2019": 0.9879174783706279,
    "2012-2020": 0.9871498777105134,
    "2012-2021": 0.9881942170981054,
    "2012-2022": 0.9860963293104791,
    "2012-2023": 0.9872586669176174,
    "2012-2024": 0.9804393234402061,
    "2013-2014": 0.9877828423274418,
    "2013-2015": 0.9904854091865156,
    "2013-2016": 0.9897385899398958,
    "2013-2017": 0.9909072156262343,
    "2013-2018": 0.9883018405226325,
    "2013-2019": 0.9892039572604537,
    "2013-2020": 0.9871589733120159,
    "2013-2021": 0.9878426890372571,
    "2013-2022": 0.9872826440614423,
    "2013-2023": 0.9872080418672602,
    "2013-2024": 0.9793548259186728,
    "2014-2015": 0.9876841801141248,
    "2014-2016": 0.9881485444805649,
    "2014-2017": 0.9897023524805502,
    "2014-2018": 0.9862174618410081,
    "2014-2019": 0.9865988852956223,
    "2014-2020": 0.9853295778574053,
    "2014-2021": 0.9878171956540058,
    "2014-2022": 0.9839678682409797,
    "2014-2023": 0.9851425704375361,
    "2014-2024": 0.9773777527460717,
    "2015-2016": 0.9883383003847064,
    "2015-2017": 0.99012388492296,
    "2015-2018": 0.9885754092185027,
    "2015-2019": 0.9893789146527611,
    "2015-2020": 0.9878553150656602,
    "2015-2021": 0.9891649374083232,
    "2015-2022": 0.9863654360298714,
    "2015-2023": 0.9879310347227614,
    "2015-2024": 0.9779963843442891,
    "2016-2017": 0.9906133611525381,
    "2016-2018": 0.9892594705577608,
    "2016-2019": 0.9870261631477616,
    "2016-2020": 0.9841053008192856,
    "2016-2021": 0.9880625712295985,
    "2016-2022": 0.9861472203860074,
    "2016-2023": 0.9857349962855596,
    "2016-2024": 0.9793940851231322,